START TRANSACTION;

-- テーブル: channels
INSERT INTO channels (channel_id, channel_name) VALUES
(1, 'drama'),
(2, 'Channel Two'),
(3, 'Channel Three'),
(4, 'Channel Four'),
(5, 'Channel Five'),
(6, 'Channel Six'),
(7, 'Channel Seven'),
(8, 'Channel Eight'),
(9, 'Channel Nine'),
(10, 'Channel Ten'),
(11, 'Channel Eleven'),
(12, 'Channel Twelve'),
(13, 'Channel Thirteen'),
(14, 'Channel Fourteen'),
(15, 'Channel Fifteen'),
(16, 'Channel Sixteen'),
(17, 'Channel Seventeen'),
(18, 'Channel Eighteen'),
(19, 'Channel Nineteen'),
(20, 'Channel Twenty');

-- テーブル: genres
INSERT INTO genres (genre_id, genre_name) VALUES
(1, 'Drama'),
(2, 'Comedy'),
(3, 'Action'),
(4, 'Sci-Fi'),
(5, 'Fantasy'),
(6, 'Horror'),
(7, 'Thriller'),
(8, 'Romance'),
(9, 'Documentary'),
(10, 'Animation'),
(11, 'Mystery'),
(12, 'Adventure'),
(13, 'Biography'),
(14, 'Crime'),
(15, 'Musical');

-- テーブル: programs
INSERT INTO programs (program_id, program_name, program_description) VALUES
(1, 'Program One', 'Description of Program One'),
(2, 'Program Two', 'Description of Program Two'),
(3, 'Program Three', 'Description of Program Three'),
(4, 'Program Four', 'Description of Program Four'),
(5, 'Program Five', 'Description of Program Five'),
(6, 'Program Six', 'Description of Program Six'),
(7, 'Program Seven', 'Description of Program Seven'),
(8, 'Program Eight', 'Description of Program Eight'),
(9, 'Program Nine', 'Description of Program Nine'),
(10, 'Program Ten', 'Description of Program Ten'),
(11, 'Program Eleven', 'Description of Program Eleven'),
(12, 'Program Twelve', 'Description of Program Twelve'),
(13, 'Program Thirteen', 'Description of Program Thirteen'),
(14, 'Program Fourteen', 'Description of Program Fourteen'),
(15, 'Program Fifteen', 'Description of Program Fifteen');

-- テーブル: program_genres
INSERT INTO program_genres (program_id, genre_id) VALUES
(1, 1),
(2, 2),
(3, 3),
(4, 4),
(5, 5),
(6, 6),
(7, 7),
(8, 8),
(9, 9),
(10, 10),
(11, 1),
(12, 2),
(13, 3),
(14, 4),
(15, 5);

-- テーブル: seasons
INSERT INTO seasons (season_id, program_id, season_number) VALUES
(1, 1, 1),
(2, 2, 1),
(3, 3, 1),
(4, 4, 1),
(5, 5, 1),
(6, 6, 1),
(7, 7, 1),
(8, 8, 1),
(9, 9, 1),
(10, 10, 1),
(11, 1, 2),
(12, 2, 2),
(13, 3, 2),
(14, 4, 2),
(15, 5, 2),
(16, 6, 2),
(17, 7, 2),
(18, 8, 2),
(19, 9, 2),
(20, 10, 2),
(21, 11, 1),
(22, 12, 1),
(23, 13, 1),
(24, 14, 1),
(25, 15, 1);

-- テーブル: episodes
INSERT INTO episodes (episode_id, season_id, episode_number, episode_title, episode_description, episode_length_seconds, episode_release_date) VALUES
(1, 1, 1, 'The Beginning', 'Introduction to the series', 3600, CURDATE()),
(2, 1, 2, 'New Beginnings', 'The adventure continues', 3600, CURDATE()),
(3, 2, 1, 'The Journey Starts', 'First steps into adventure', 3600, CURDATE()),
(4, 2, 2, 'Crossroads', 'Important decisions are made', 3600, CURDATE()),
(5, 3, 1, 'Mystery Unfolds', 'Unraveling the secrets', 3600, CURDATE()),
(6, 3, 2, 'Hidden Clues', 'Discovering hidden clues', 3600, CURDATE()),
(7, 4, 1, 'Twists and Turns', 'Unexpected developments', 3600, CURDATE()),
(8, 4, 2, 'Betrayal', 'Facing betrayal', 3600, CURDATE()),
(9, 5, 1, 'New Allies', 'Meeting new characters', 3600, CURDATE()),
(10, 5, 2, 'Forming Bonds', 'Strengthening relationships', 3600, CURDATE()),
(11, 6, 1, 'Challenges Ahead', 'Facing tough obstacles', 3600, CURDATE()),
(12, 6, 2, 'Overcoming Fears', 'Conquering personal fears', 3600, CURDATE()),
(13, 7, 1, 'The Dark Hour', 'Confronting fears', 3600, CURDATE()),
(14, 7, 2, 'Shadows Rising', 'Enemies gather strength', 3600, CURDATE()),
(15, 8, 1, 'Revelations', 'Key truths revealed', 3600, CURDATE()),
(16, 8, 2, 'Truth Unveiled', 'More secrets come to light', 3600, CURDATE()),
(17, 9, 1, 'Climax', 'Building up to the finale', 3600, CURDATE()),
(18, 9, 2, 'The Great Battle', 'Epic confrontations', 3600, CURDATE()),
(19, 10, 1, 'Finale', 'Conclusion of the journey', 3600, CURDATE()),
(20, 10, 2, 'A New Dawn', 'New beginnings after the end', 3600, CURDATE()),
(21, 11, 1, 'First Encounter', 'The story starts', 3600, CURDATE()),
(22, 11, 2, 'Unexpected Guest', 'An unexpected character arrives', 3600, CURDATE()),
(23, 12, 1, 'New Horizons', 'Exploring new places', 3600, CURDATE()),
(24, 12, 2, 'Dark Secrets', 'Revealing hidden truths', 3600, CURDATE()),
(25, 13, 1, 'Rising Action', 'Tensions build', 3600, CURDATE());

-- テーブル: schedules
INSERT INTO schedules (schedule_id, channel_id, episode_id, schedule_start_time, schedule_end_time, schedule_view_count) VALUES
(1, 1, 1, '2024-08-01 08:00:00', '2024-08-01 09:00:00', 3000),
(2, 2, 2, '2024-08-01 09:00:00', '2024-08-01 10:00:00', 1200),
(3, 3, 3, '2024-08-01 10:00:00', '2024-08-01 11:00:00', 1500),
(4, 4, 4, '2024-08-01 11:00:00', '2024-08-01 12:00:00', 1700),
(5, 5, 5, '2024-08-01 12:00:00', '2024-08-01 13:00:00', 1100),
(6, 6, 6, '2024-08-01 13:00:00', '2024-08-01 14:00:00', 1300),
(7, 7, 7, '2024-08-01 14:00:00', '2024-08-01 15:00:00', 1400),
(8, 8, 8, '2024-08-01 15:00:00', '2024-08-01 16:00:00', 1600),
(9, 9, 9, '2024-08-01 16:00:00', '2024-08-01 17:00:00', 1800),
(10, 10, 10, '2024-08-01 17:00:00', '2024-08-01 18:00:00', 1900),
(11, 11, 11, '2024-08-02 08:00:00', '2024-08-02 09:00:00', 2000),
(12, 12, 12, '2024-08-02 09:00:00', '2024-08-02 10:00:00', 3000),
(13, 1, 13, '2024-08-02 10:00:00', '2024-08-02 11:00:00', 2200),
(14, 2, 14, '2024-08-02 11:00:00', '2024-08-02 12:00:00', 2300),
(15, 3, 15, '2024-08-02 12:00:00', '2024-08-02 13:00:00', 2400),
(16, 4, 16, '2024-08-02 13:00:00', '2024-08-02 14:00:00', 2500),
(17, 5, 17, '2024-08-02 14:00:00', '2024-08-02 15:00:00', 2600),
(18, 6, 18, '2024-08-02 15:00:00', '2024-08-02 16:00:00', 2700),
(19, 7, 19, '2024-08-02 16:00:00', '2024-08-02 17:00:00', 2800),
(20, 8, 20, '2024-08-02 17:00:00', '2024-08-02 18:00:00', 2900),
(21, 9, 21, '2024-08-03 08:00:00', '2024-08-03 09:00:00', 4000),
(22, 10, 22, '2024-08-03 09:00:00', '2024-08-03 10:00:00', 3200),
(23, 11, 23, '2024-08-03 10:00:00', '2024-08-03 11:00:00', 3300),
(24, 12, 24, '2024-08-03 11:00:00', '2024-08-03 12:00:00', 3400),
(25, 13, 25, '2024-08-03 12:00:00', '2024-08-03 13:00:00', 3500),
(26, 1, 1, '2024-08-04 08:00:00', '2024-08-04 09:00:00', 3000),
(27, 2, 2, '2024-08-04 09:00:00', '2024-08-04 10:00:00', 1200),
(28, 3, 3, '2024-08-04 10:00:00', '2024-08-04 11:00:00', 1500),
(29, 4, 4, '2024-08-04 11:00:00', '2024-08-04 12:00:00', 1700),
(30, 5, 5, '2024-08-04 12:00:00', '2024-08-04 13:00:00', 1100),
(31, 6, 6, '2024-08-04 13:00:00', '2024-08-04 14:00:00', 1300),
(32, 7, 7, '2024-08-04 14:00:00', '2024-08-04 15:00:00', 1400),
(33, 8, 8, '2024-08-04 15:00:00', '2024-08-04 16:00:00', 1600),
(34, 9, 9, '2024-08-04 16:00:00', '2024-08-04 17:00:00', 1800),
(35, 10, 10, '2024-08-04 17:00:00', '2024-08-04 18:00:00', 1900),
(36, 11, 11, '2024-08-05 08:00:00', '2024-08-05 09:00:00', 2000),
(37, 12, 12, '2024-08-05 09:00:00', '2024-08-05 10:00:00', 3000),
(38, 1, 13, '2024-08-05 10:00:00', '2024-08-05 11:00:00', 2200),
(39, 2, 14, '2024-08-05 11:00:00', '2024-08-05 12:00:00', 2300),
(40, 3, 15, '2024-08-05 12:00:00', '2024-08-05 13:00:00', 2400),
(41, 4, 16, '2024-08-05 13:00:00', '2024-08-05 14:00:00', 2500),
(42, 5, 17, '2024-08-05 14:00:00', '2024-08-05 15:00:00', 2600),
(43, 6, 18, '2024-08-05 15:00:00', '2024-08-05 16:00:00', 2700),
(44, 7, 19, '2024-08-05 16:00:00', '2024-08-05 17:00:00', 2800),
(45, 8, 20, '2024-08-05 17:00:00', '2024-08-05 18:00:00', 2900),
(46, 9, 21, '2024-08-06 08:00:00', '2024-08-06 09:00:00', 4000),
(47, 10, 22, '2024-08-06 09:00:00', '2024-08-06 10:00:00', 3200),
(48, 11, 23, '2024-08-06 10:00:00', '2024-08-06 11:00:00', 3300),
(49, 12, 24, '2024-08-06 11:00:00', '2024-08-06 12:00:00', 3400),
(50, 13, 25, '2024-08-06 12:00:00', '2024-08-06 13:00:00', 3500),
(51, 1, 1, '2024-08-07 08:00:00', '2024-08-07 09:00:00', 3000),
(52, 2, 2, '2024-08-07 09:00:00', '2024-08-07 10:00:00', 1200),
(53, 3, 3, '2024-08-07 10:00:00', '2024-08-07 11:00:00', 1500),
(54, 4, 4, '2024-08-07 11:00:00', '2024-08-07 12:00:00', 1700),
(55, 5, 5, '2024-08-07 12:00:00', '2024-08-07 13:00:00', 1100),
(56, 6, 6, '2024-08-07 13:00:00', '2024-08-07 14:00:00', 1300),
(57, 7, 7, '2024-08-07 14:00:00', '2024-08-07 15:00:00', 1400),
(58, 8, 8, '2024-08-07 15:00:00', '2024-08-07 16:00:00', 1600),
(59, 9, 9, '2024-08-07 16:00:00', '2024-08-07 17:00:00', 1800),
(60, 10, 10, '2024-08-07 17:00:00', '2024-08-07 18:00:00', 1900),
(61, 11, 11, '2024-08-08 08:00:00', '2024-08-08 09:00:00', 2000),
(62, 12, 12, '2024-08-08 09:00:00', '2024-08-08 10:00:00', 3000),
(63, 1, 13, '2024-08-08 10:00:00', '2024-08-08 11:00:00', 2200),
(64, 2, 14, '2024-08-08 11:00:00', '2024-08-08 12:00:00', 2300),
(65, 3, 15, '2024-08-08 12:00:00', '2024-08-08 13:00:00', 2400),
(66, 4, 16, '2024-08-08 13:00:00', '2024-08-08 14:00:00', 2500),
(67, 5, 17, '2024-08-08 14:00:00', '2024-08-08 15:00:00', 2600),
(68, 6, 18, '2024-08-08 15:00:00', '2024-08-08 16:00:00', 2700),
(69, 7, 19, '2024-08-08 16:00:00', '2024-08-08 17:00:00', 2800),
(70, 8, 20, '2024-08-08 17:00:00', '2024-08-08 18:00:00', 2900),
(71, 9, 21, '2024-08-09 08:00:00', '2024-08-09 09:00:00', 4000),
(72, 10, 22, '2024-08-09 09:00:00', '2024-08-09 10:00:00', 3200),
(73, 11, 23, '2024-08-09 10:00:00', '2024-08-09 11:00:00', 3300),
(74, 12, 24, '2024-08-09 11:00:00', '2024-08-09 12:00:00', 3400),
(75, 13, 25, '2024-08-09 12:00:00', '2024-08-09 13:00:00', 3500),
(76, 1, 1, '2024-08-10 08:00:00', '2024-08-10 09:00:00', 3000),
(77, 2, 2, '2024-08-10 09:00:00', '2024-08-10 10:00:00', 1200),
(78, 3, 3, '2024-08-10 10:00:00', '2024-08-10 11:00:00', 1500),
(79, 4, 4, '2024-08-10 11:00:00', '2024-08-10 12:00:00', 1700),
(80, 5, 5, '2024-08-10 12:00:00', '2024-08-10 13:00:00', 1100),
(81, 6, 6, '2024-08-10 13:00:00', '2024-08-10 14:00:00', 1300),
(82, 7, 7, '2024-08-10 14:00:00', '2024-08-10 15:00:00', 1400),
(83, 8, 8, '2024-08-10 15:00:00', '2024-08-10 16:00:00', 1600),
(84, 9, 9, '2024-08-10 16:00:00', '2024-08-10 17:00:00', 1800),
(85, 10, 10, '2024-08-10 17:00:00', '2024-08-10 18:00:00', 1900);


COMMIT;